,WORD,POS
0,,Port Richard
1,,Michaelville
2,,West James
3,,Nathanielside
4,,Jenniferhaven
5,,East Johntown
6,,Wrightberg
7,,South Kennethmouth
8,,Palmerburgh
9,,Lake Katrina
10,,West Cynthiaberg
11,,Jefferyview
12,,Coopermouth
13,,Lake Valeriemouth
14,,Santosmouth
15,,Port Hannahside
16,,East Jacob
17,,Floresberg
18,,Lake Michellestad
19,,Grantberg
20,,Port Patrickshire
21,,East Chris
22,,West Shelbyborough
23,,Lake Antonio
24,,Fischermouth
25,,North Lauraview
26,,Beckmouth
27,,North Sharonmouth
28,,Joshuamouth
29,,Johnsonton
30,,New Alison
31,,Williamsbury
32,,Adamview
33,,New Molly
34,,Susanton
35,,Martinfurt
36,,South Erika
37,,Rodriguezhaven
38,,New Kendra
39,,Lake Charles
40,,West Krista
41,,Ortegachester
42,,West Danielleview
43,,North Krystal
44,,Lake Erin
45,,North Mark
46,,East Joshuashire
47,,Jerryfort
48,,Seanview
49,,Kylemouth
50,,Anthonymouth
51,,Davidtown
52,,South Dustinberg
53,,East Erik
54,,Veronicabury
55,,Stephaniehaven
56,,Normanchester
57,,Jacksonport
58,,Basschester
59,,West Robin
60,,East Susan
61,,New Michellefurt
62,,West Sergio
63,,North Ashleyburgh
64,,Williamchester
65,,Johnsonfort
66,,New Natashachester
67,,New Peggytown
68,,Andreachester
69,,Suttonland
70,,Gordonview
71,,Aaronshire
72,,East Shane
73,,Nicholsonshire
74,,Port Justinburgh
75,,Port Derrick
76,,West Melissachester
77,,Lisaville
78,,Lake Destiny
79,,Anthonyhaven
80,,Schneiderchester
81,,Lake Sharon
82,,Arnoldland
83,,Port Scottton
84,,Chenhaven
85,,East Austinfurt
86,,Port Johnport
87,,Maryland
88,,Crawfordchester
89,,East Jon
90,,Watsonfort
91,,North Wayneland
92,,Jodiville
93,,Port Brandonberg
94,,Jeremiahberg
95,,Elizabethborough
96,,Coxmouth
97,,Georgeburgh
98,,South Brian
99,,Matthewmouth
100,,Port David
101,,East Howard
102,,New Jasminefort
103,,Courtneyville
104,,South Lisafort
105,,New Alexisshire
106,,Masseyfort
107,,Trevinoland
108,,North Brandonfort
109,,Port Lindaside
110,,Zacharyshire
111,,Stevensbury
112,,West Jessicaland
113,,East David
114,,Bendershire
115,,Rhondafurt
116,,Port Amychester
117,,East Ryanmouth
118,,Port Stacy
119,,New Daniel
120,,Lake Jimmy
121,,East Nicolechester
122,,South Danielchester
123,,Lake James
124,,Johnsonside
125,,Hernandezview
126,,Christineshire
127,,North Justinhaven
128,,Mcintoshfort
129,,Lake Candiceshire
130,,Lake Williammouth
131,,New Natalieside
132,,North Alanport
133,,Perkinsmouth
134,,Latoyamouth
135,,Stephanieview
136,,West Stephen
137,,Port Seanville
138,,Adamshaven
139,,North Brittany
140,,Christianchester
141,,East Jason
142,,Jessicaview
143,,South Tara
144,,Brianton
145,,North Andrewchester
146,,Lindabury
147,,East Francisco
148,,Onealton
149,,West Brandi
150,,Kingside
151,,East Jeremy
152,,Dyershire
153,,Lake Meghan
154,,Steeleside
155,,Carolview
156,,Gomezland
157,,Kyleport
158,,Clineburgh
159,,Richardmouth
160,,Justinton
161,,New Gabrielville
162,,Lake Davidmouth
163,,New Christopherberg
164,,East Carlaburgh
165,,Saratown
166,,West Christopher
167,,Cookeshire
168,,West Melindaton
169,,Port Jessicaberg
170,,Bassville
171,,Terrancebury
172,,Martinezborough
173,,Port Morgantown
174,,Christinabury
175,,North Robert
176,,Lake Yvonne
177,,Russellside
178,,Port Jennifermouth
179,,West Michael
180,,Matthewland
181,,New Emilyland
182,,Jordanview
183,,Rodriguezstad
184,,West Damonport
185,,New Susantown
186,,Arnoldborough
187,,South Victoriatown
188,,Lesliestad
189,,Port Denisetown
190,,Wallberg
191,,Chandlerborough
192,,North David
193,,Lake Scottview
194,,Buchananport
195,,New Scott
196,,Lake Stevenhaven
197,,Williamside
198,,Smithhaven
199,,North Andreaside
200,,Lake Coryfort
201,,Lake Nathan
202,,Williamburgh
203,,Rebeccachester
204,,East Mariah
205,,Hillmouth
206,,Thomasview
207,,New Cesar
208,,East Joshua
209,,East Jasonmouth
210,,Andrewsland
211,,Johnbury
212,,Lake Tamara
213,,Meganton
214,,New Kennethville
215,,North Charlestown
216,,Matthewsmouth
217,,Gibbsborough
218,,East Robert
219,,Kellymouth
220,,East Nicoleside
221,,Port Melissaberg
222,,New Timothy
223,,South Jonathan
224,,New Adamville
225,,Lake Michaelborough
226,,South Leonard
227,,Jenniferstad
228,,New Brian
229,,East Tannermouth
230,,Navarrohaven
231,,Joannview
232,,Danielstad
233,,Suttontown
234,,Cunninghammouth
235,,Lake Benjamin
236,,Christophertown
237,,Mariaview
238,,South Alexis
239,,Lake Patricia
240,,Reynoldsmouth
241,,Carolchester
242,,Nguyentown
243,,New Jessicashire
244,,Hayesland
245,,Port Caseyhaven
246,,Josephmouth
247,,West Marc
248,,East Joseph
249,,Michelleland
250,,Simsview
251,,New Janiceport
252,,New Brianamouth
253,,Paynemouth
254,,West Tamaraton
255,,South Michael
256,,Lake Toddville
257,,North Michelle
258,,West Samueltown
259,,Lake Michael
260,,New Zachary
261,,Klineland
262,,North Lisa
263,,North Mirandabury
264,,Jimmyburgh
265,,Hernandezshire
266,,Port Curtisbury
267,,New Alyssa
268,,Kimberlyview
269,,Ericshire
270,,Rodrigueztown
271,,East Gregory
272,,West David
273,,Kennedytown
274,,New Brittney
275,,South Jessebury
276,,Wendyfort
277,,Fieldsmouth
278,,East Lauratown
279,,North Jacobton
280,,New Ronaldton
281,,New Shannon
282,,Chavezmouth
283,,Aprilborough
284,,Carolynside
285,,Lake Adam
286,,West Davidland
287,,East Joseph
288,,Benjaminport
289,,Penningtonton
290,,East Robinville
291,,Angelahaven
292,,Erinhaven
293,,Danielstad
294,,Katherineland
295,,North Jamiechester
296,,West Mark
297,,South Martinstad
298,,Amandaland
299,,Velasquezhaven
300,,Joneston
301,,Sarahmouth
302,,Philiptown
303,,Porterchester
304,,Debbieland
305,,North Kayleeland
306,,Staceymouth
307,,Johnmouth
308,,West Angela
309,,Charlesmouth
310,,Lake Kerryberg
311,,Lake Jennifer
312,,Hebertville
313,,North Erikahaven
314,,East Julie
315,,East Christopher
316,,Williamsshire
317,,Spencerview
318,,Lake Jasonfort
319,,Williamsberg
320,,Lake Heather
321,,Mccluremouth
322,,West Sara
323,,North Jennifer
324,,Floresmouth
325,,Lake Christopher
326,,Lake Morgan
327,,Laurenburgh
328,,Floresmouth
329,,South Carol
330,,Lake William
331,,South Jeffreyland
332,,Timothyton
333,,South Brett
334,,West Ronnie
335,,Andrewmouth
336,,Romerofurt
337,,South Christopherfurt
338,,Gilesmouth
339,,Crawfordport
340,,Lake Dominique
341,,Lake Jessica
342,,Hendersonview
343,,Lake Ryanmouth
344,,Port Nicholas
345,,New Meredith
346,,Rachelfurt
347,,New Michael
348,,Timothyfort
349,,West Eric
350,,East Patricia
351,,West Jacqueline
352,,Frazierville
353,,Sheahaven
354,,Lake Helenport
355,,Williamsonburgh
356,,Lisafort
357,,Port Michael
358,,Port Lauraview
359,,New Daniel
360,,South Morgan
361,,Gregoryberg
362,,Sharonfurt
363,,North Diane
364,,Braunside
365,,Ellisonland
366,,Melaniefurt
367,,North Rickmouth
368,,Jonesshire
369,,Davischester
370,,Homouth
371,,Shaneside
372,,East Karen
373,,North Alexandramouth
374,,New Toddchester
375,,South Natalie
376,,New Brenda
377,,Rogersbury
378,,Port Jamesside
379,,Lake Thomasshire
380,,West Jimmy
381,,West Nicole
382,,New Stephen
383,,Jennifermouth
384,,West Jasonton
385,,Conwayborough
386,,South Jesuschester
387,,West Johnberg
388,,Port Ashley
389,,Matthewberg
390,,Lake Amanda
391,,New Danielberg
392,,Dustinburgh
393,,Watersmouth
394,,New Donald
395,,North Tracytown
396,,Prestonmouth
397,,Lefort
398,,West Sarah
399,,Elizabethville
400,,Lake Alan
401,,Mayschester
402,,West Ashleyport
403,,New Travisland
404,,New Anne
405,,Leahchester
406,,Reesemouth
407,,West Amyfort
408,,North Crystalmouth
409,,North Richard
410,,Lake Steven
411,,Martinview
412,,West Andrewmouth
413,,Amandafort
414,,North Scottland
415,,New Brandyfurt
416,,Jefferyton
417,,Port Darrell
418,,East Margaretstad
419,,West Donnaberg
420,,Kimberlyville
421,,South Megan
422,,Jamesfort
423,,Serranofurt
424,,South John
425,,Farrellbury
426,,New Olivia
427,,Jessicatown
428,,Medinamouth
429,,Trevorburgh
430,,East Jamesmouth
431,,South Michaelland
432,,Port Beth
433,,West Theresaside
434,,North Amy
435,,Seanland
436,,Hesterview
437,,Rodriguezport
438,,Kylechester
439,,Lake Luisburgh
440,,South Amy
441,,West Nicholasville
442,,South Timothy
443,,Brittanyville
444,,North Phyllis
445,,Robertmouth
446,,West Rachel
447,,South Jacqueline
448,,East Benjamin
449,,Jenkinsport
450,,Brownbury
451,,Woodmouth
452,,North Gregorymouth
453,,Brooksfort
454,,South Jeremyville
455,,Lake Samanthamouth
456,,West Mary
457,,Odomhaven
458,,Porterberg
459,,Thomasberg
460,,Collinsland
461,,Michaelmouth
462,,Port Mark
463,,Port Meghan
464,,Elizabethside
465,,Lake Tammy
466,,Bradleyview
467,,West Megan
468,,East Andrew
469,,Adamsmouth
470,,North Aliceland
471,,Katherineville
472,,East Lori
473,,Lake Denniston
474,,Gonzalezfurt
475,,West Cynthia
476,,North Sarah
477,,Lake Hannahburgh
478,,Danielston
479,,East Paulfurt
480,,North James
481,,Port Michael
482,,Justinview
483,,Port Williamton
484,,Taylorfurt
485,,Lewishaven
486,,Port Christina
487,,North Kristenmouth
488,,Sandramouth
489,,Melissafurt
490,,Kellyshire
491,,Randallview
492,,South Jessicafort
493,,South Nathaniel
494,,Port Heather
495,,Samuelstad
496,,Christopherside
497,,Tracyville
498,,Heatherburgh
499,,Lake Allison
500,,Lake Joemouth
501,,Coreystad
502,,Mathewstad
503,,Matthewhaven
504,,Kevintown
505,,New Paul
506,,Theresachester
507,,Theresaside
508,,South Steven
509,,Port Pamela
510,,Whitneychester
511,,Benjaminfurt
512,,Edwinshire
513,,Perezshire
514,,South Ryan
515,,Marcusmouth
516,,Williamtown
517,,Danachester
518,,Port Derek
519,,Courtneyside
520,,Port Lindsayport
521,,South Robert
522,,Lake Dennisborough
523,,Ayalastad
524,,North Jessicamouth
525,,Heathfurt
526,,Griffinmouth
527,,North Jennamouth
528,,East Justinmouth
529,,Ericfurt
530,,North Joan
531,,Lake Feliciaborough
532,,Jasonmouth
533,,Christophershire
534,,Whitetown
535,,Hollyberg
536,,East Michael
537,,East Jessicachester
538,,Lake Christina
539,,New Carmenville
540,,Rhondaview
541,,West Joanne
542,,Tylerstad
543,,New Leslie
544,,New Jameston
545,,Port Rileyside
546,,Frederickmouth
547,,Mooremouth
548,,Lindafurt
549,,Salastown
550,,Mirandaville
551,,Lake Gregory
552,,East Ashleychester
553,,East Darren
554,,Colinmouth
555,,Coxbury
556,,Gonzalezshire
557,,West Johnhaven
558,,South Gregg
559,,Lake Cody
560,,Destinyfurt
561,,West Charles
562,,Lake Kimmouth
563,,East Laura
564,,Erichaven
565,,Kimberlyfort
566,,New Paul
567,,Port Dana
568,,Coxton
569,,East Kellychester
570,,West Rachaelmouth
571,,Emilyton
572,,Hudsonstad
573,,New Charleschester
574,,North Michaelbury
575,,Kellychester
576,,Haneyport
577,,Lesliechester
578,,New Jim
579,,East Jared
580,,Breannaton
581,,East Lisatown
582,,Turnerburgh
583,,West Mark
584,,Desireeport
585,,Foxfurt
586,,Port Mark
587,,Samanthaland
588,,Nguyenmouth
589,,Jesseport
590,,East Rachel
591,,West Timothy
592,,Lake Katherine
593,,North John
594,,South Elizabethport
595,,Shawport
596,,Port Cameron
597,,Port Steven
598,,Johnsonborough
599,,Jonesside
600,,North Frankfurt
601,,Hernandezfurt
602,,East Joel
603,,West Francisco
604,,North Joseph
605,,Lake Kurtchester
606,,South Erica
607,,Murrayborough
608,,Powersburgh
609,,North Saraville
610,,East Sharon
611,,New James
612,,North Maryburgh
613,,Blackshire
614,,North Joshuaberg
615,,South Richard
616,,West David
617,,South William
618,,Gallagherhaven
619,,Hernandezview
620,,South Ryan
621,,East Michael
622,,Lake Johnshire
623,,South Rebecca
624,,Calvinview
625,,Howellstad
626,,North Christopher
627,,Brandonmouth
628,,South Carla
629,,New Danielleside
630,,Howeview
631,,Veronicaville
632,,Andrewland
633,,Lake Christopherberg
634,,Meyerville
635,,Turnerville
636,,Lake Darrell
637,,Christopherberg
638,,Wrightbury
639,,Richmondbury
640,,Walkerchester
641,,Paulport
642,,New Angela
643,,North Christine
644,,Andreafort
645,,Aprilstad
646,,New Annview
647,,West Jenna
648,,Nicholasside
649,,Ashleymouth
650,,Lake Fredport
651,,West Davidchester
652,,West Laura
653,,Lake Katherineshire
654,,Kennedystad
655,,South Austinview
656,,Holtshire
657,,West Rickeychester
658,,South Nathan
659,,Juanmouth
660,,East Rickyborough
661,,Lake Coryville
662,,South Mary
663,,Port Philip
664,,East Ashleemouth
665,,Thompsonton
666,,Burnsland
667,,Pamelaberg
668,,New Gregoryton
669,,Diazmouth
670,,Clarenceton
671,,West Shawn
672,,Kathrynside
673,,West George
674,,North Michaelville
675,,West Danielberg
676,,South Kathyland
677,,Port Joshua
678,,Johnshire
679,,Fowlerstad
680,,North Bryanview
681,,Port Timothyview
682,,East Cynthia
683,,East Andreamouth
684,,Mauricemouth
685,,Lake Amandachester
686,,Port Dylanfurt
687,,New Rachelview
688,,East Feliciaborough
689,,Johnport
690,,West Billychester
691,,Jessicamouth
692,,South Brianborough
693,,East Jordanberg
694,,Alexisport
695,,Harrisview
696,,Lake Jenniferstad
697,,Downshaven
698,,Munozbury
699,,Port Raymond
700,,Frankland
701,,Mccartyborough
702,,Alejandrafort
703,,Johnhaven
704,,North Josephville
705,,Robertstad
706,,Mistyport
707,,West Richard
708,,Josephchester
709,,West Jody
710,,East Erica
711,,Codyland
712,,North Melissa
713,,South Barbaramouth
714,,Lake Michelle
715,,New Christineville
716,,East Kimberlyshire
717,,Thomasville
718,,Matthewmouth
719,,South Karen
720,,Baileymouth
721,,Linville
722,,Tommychester
723,,Riveraville
724,,Karachester
725,,New Philip
726,,Christianberg
727,,Carlside
728,,Port Michael
729,,Williamsland
730,,Randallburgh
731,,North Wendytown
732,,Paulville
733,,East Mariahmouth
734,,Jordanborough
735,,Joshuastad
736,,New Sherri
737,,New Tony
738,,Port Phillip
739,,Perezland
740,,Spencerton
741,,Port David
742,,Reedhaven
743,,South Tina
744,,Berryview
745,,Fisherview
746,,Michelleshire
747,,North Shawnport
748,,Joannetown
749,,New Amyview
750,,North Daniel
751,,New Trevorside
752,,West Laurenshire
753,,Port Williamhaven
754,,East Laurenberg
755,,Watsonstad
756,,New Jessica
757,,Port Ericaton
758,,South Raymondburgh
759,,South Debra
760,,Port Alexandra
761,,Gordonfort
762,,Isaiahberg
763,,Cummingston
764,,Lake Clinton
765,,Ashleyshire
766,,New Ashleytown
767,,West Taylorhaven
768,,Monroefort
769,,Grossshire
770,,New Dawnbury
771,,Joshuaton
772,,New Dannyport
773,,East Richardmouth
774,,New Kevin
775,,Dennisborough
776,,East Danielhaven
777,,Mcdonaldport
778,,Wattshaven
779,,Christineview
780,,Williamsfort
781,,East Christine
782,,South Robertstad
783,,South Sabrina
784,,Johnsonton
785,,Lake Holly
786,,South Jamesside
787,,East Michaelmouth
788,,Port Johnny
789,,East Jason
790,,Lake Martha
791,,South Johntown
792,,North Kristen
793,,Harttown
794,,West Manuelfurt
795,,Brandonville
796,,Millerbury
797,,Williamburgh
798,,Brayshire
799,,Stacyfurt
800,,Port Walterville
801,,North Jameshaven
802,,Port Brian
803,,West Rhondashire
804,,New Carol
805,,Robertmouth
806,,Whitakerton
807,,South Albertmouth
808,,Lake Jennifer
809,,Deniseport
810,,East Mary
811,,Lake Karina
812,,South Andrewburgh
813,,Port Michaelton
814,,Robinchester
815,,North Michael
816,,Reidhaven
817,,New Howard
818,,South Emilyfurt
819,,Alisonfort
820,,Joannaport
821,,Port Cynthiatown
822,,Choiside
823,,East Johnburgh
824,,East Christinetown
825,,Allenview
826,,West Robertchester
827,,Kleinmouth
828,,Coreyport
829,,Joneschester
830,,Brettbury
831,,Dylanville
832,,Lauraton
833,,Martinchester
834,,East Cherylmouth
835,,West Theodore
836,,Port Erikaside
837,,Baileyhaven
838,,South John
839,,East Matthew
840,,New Nicholasport
841,,Drakeville
842,,Lucasfort
843,,Lake Alan
844,,New Scottfurt
845,,New Elizabeth
846,,North Michael
847,,Alexfurt
848,,Margaretburgh
849,,Lake Kayla
850,,Savannahshire
851,,Zacharyton
852,,Hestertown
853,,Gonzalezview
854,,West Veronica
855,,North Alyssabury
856,,Amybury
857,,Darrellshire
858,,Amyhaven
859,,Jasonborough
860,,Archerhaven
861,,West Dianetown
862,,Curtisburgh
863,,Williamschester
864,,New Sharon
865,,Annettemouth
866,,New Audreyview
867,,Matthewchester
868,,Lake Gary
869,,Sarastad
870,,North Stevenshire
871,,East Thomas
872,,South Lawrenceview
873,,South Taylorland
874,,Blackborough
875,,Lake Danny
876,,Port Amber
877,,West Nicolas
878,,Joseton
879,,New Robert
880,,North Zachary
881,,North Frederick
882,,Sandraport
883,,North Morganland
884,,Port James
885,,Hawkinsstad
886,,West Alexa
887,,Schmidtbury
888,,Sanchezborough
889,,East Louisshire
890,,Whiteshire
891,,East Danielshire
892,,Chrismouth
893,,North Michael
894,,North Tina
895,,Donnashire
896,,Lake April
897,,Marymouth
898,,Woodchester
899,,South Amberville
900,,Smithview
901,,North Makaylafort
902,,North Dana
903,,Jacobchester
904,,Gloriaburgh
905,,New Jackson
906,,Justinborough
907,,North Evelyntown
908,,South Ashleyburgh
909,,South Jacqueline
910,,Lake Charlesfurt
911,,Andrewside
912,,South Douglasport
913,,South Felicia
914,,Nicholeside
915,,New Nathanton
916,,Ellisland
917,,Anthonyport
918,,Laurachester
919,,Hamiltonton
920,,East Nathanmouth
921,,East Rebeccafurt
922,,West Meganfurt
923,,Simpsonville
924,,Holttown
925,,Taylorland
926,,Burnsland
927,,Kingport
928,,South Emily
929,,South John
930,,Thompsonborough
931,,Tonyfurt
932,,Jeremychester
933,,North Anthonyville
934,,New Thomas
935,,Port Nicoleton
936,,Danielbury
937,,Alyssahaven
938,,Lake Eric
939,,Melissaland
940,,Dawsonview
941,,Andrewside
942,,Mossberg
943,,Josephview
944,,South Davidside
945,,East Antoniotown
946,,New Rebeccaview
947,,New Rachelport
948,,New Robertton
949,,Port Curtisshire
950,,Desireeside
951,,Wrightmouth
952,,Danielbury
953,,South Aliciaburgh
954,,North Sheena
955,,Port Paul
956,,Stacyview
957,,Lake Antonio
958,,Carterchester
959,,East David
960,,New Jared
961,,Port Nicoleview
962,,Carterton
963,,Shaunview
964,,West Danielland
965,,Bautistastad
966,,Guzmanhaven
967,,Lake Alan
968,,West Luis
969,,Port Kirstenborough
970,,Bryantville
971,,Brockview
972,,East Phyllishaven
973,,South Rachel
974,,North Shannonbury
975,,Lake Matthewtown
976,,West Veronica
977,,New Lisa
978,,Thompsonburgh
979,,West Joshua
980,,North Karen
981,,Mooremouth
982,,East Michealfurt
983,,Paulview
984,,Port Jenniferfurt
985,,Port David
986,,South Guy
987,,Sanderschester
988,,Hoodside
989,,East Heatherside
990,,Dylanburgh
991,,West Andrealand
992,,Lynchburgh
993,,Collinsberg
994,,Lewisshire
995,,New Courtneyview
996,,Lake David
997,,North Sarahside
998,,Amberburgh
999,,Valeriehaven
1000,,Loganville
1001,,Waynehaven
1002,,New Garrettside
1003,,Lake Susan
1004,,Wilsonburgh
1005,,Santosmouth
1006,,Port Evelyn
1007,,North Jessica
1008,,South Jaredtown
1009,,Brandonville
1010,,West Juliemouth
1011,,Port Carlosside
1012,,Leahbury
1013,,Coxchester
1014,,Cathyview
1015,,North Joelport
1016,,West Ronaldfort
1017,,Jefferyland
1018,,Myersmouth
1019,,Port Mariamouth
1020,,North Stephen
1021,,South Ambermouth
1022,,East Meganland
1023,,Jessicatown
1024,,Jasontown
1025,,Williamchester
1026,,Port Lisaborough
1027,,East Kevinmouth
1028,,Port Steven
1029,,West Michaelberg
1030,,Lauratown
1031,,Castillofort
1032,,New Fernandostad
1033,,Sanderschester
1034,,Gonzalezland
1035,,New Joshuaberg
1036,,Katherineshire
1037,,Montesview
1038,,Justinview
1039,,East Jacob
1040,,Jeffreytown
1041,,Samanthamouth
1042,,Hallmouth
1043,,Powellport
1044,,Lake Keith
1045,,Vickichester
1046,,East Michelleview
1047,,Douglasside
1048,,Jeffreystad
1049,,Williamville
1050,,North Jared
1051,,South Vanessa
1052,,Vargasburgh
1053,,West Fred
1054,,Campbellside
1055,,Port Kristine
1056,,Leebury
1057,,Lake Judy
1058,,North Richardfurt
1059,,Olsenchester
1060,,Valenzuelaport
1061,,Joseburgh
1062,,Stevenmouth
1063,,Ashleyland
1064,,Lancemouth
1065,,Taraport
1066,,Ashleyhaven
1067,,Veronicaberg
1068,,Kristinview
1069,,Cristinastad
1070,,Chapmanborough
1071,,Ricestad
1072,,Maryburgh
1073,,West Joshuastad
1074,,Amandafurt
1075,,East Amanda
1076,,Calhounton
1077,,Salinasstad
1078,,Lesterfurt
1079,,West Jamestown
1080,,Youngtown
1081,,South Jeffrey
1082,,Floresport
1083,,Diazton
1084,,Johnsonview
1085,,Carloschester
1086,,Domingueztown
1087,,Clarkton
1088,,Lewischester
1089,,Port Sarahberg
1090,,Lauriehaven
1091,,Davidside
1092,,North Kelly
1093,,South Cameron
1094,,Craigland
1095,,Port Stacyland
1096,,East Debbie
1097,,Haleytown
1098,,North Carlfurt
1099,,Morganchester
1100,,North Olivialand
1101,,Thomastown
1102,,South Franciscostad
1103,,New Lauraport
1104,,Nelsonburgh
1105,,North Karen
1106,,East Justinchester
1107,,Port Cassandra
1108,,East Edward
1109,,South Mariashire
1110,,Sanchezborough
1111,,Andersonmouth
1112,,Wilsonland
1113,,Michaelport
1114,,Rodriguezbury
1115,,Derekshire
1116,,Christinemouth
1117,,South Sara
1118,,Nelsonfort
1119,,Wyattside
1120,,Rebeccaberg
1121,,Zimmermanberg
1122,,Port Mariaport
1123,,Smithchester
1124,,East James
1125,,Port Sharonchester
1126,,South Jonathanfort
1127,,Mcmahonville
1128,,West Ruthfurt
1129,,Spencerborough
1130,,Taylorfurt
1131,,Victorstad
1132,,New Jason
1133,,Noahtown
1134,,Wilsontown
1135,,New Steven
1136,,Adamsland
1137,,Austinstad
1138,,East Elizabeth
1139,,North Ronaldland
1140,,Port Tony
1141,,Adrianland
1142,,West Kristin
1143,,Michelletown
1144,,Port Collin
1145,,Nealmouth
1146,,Johnside
1147,,Sanchezberg
1148,,North Philipborough
1149,,Port Elizabeth
1150,,South Scott
1151,,Stephanieside
1152,,Lake Richardshire
1153,,New Melinda
1154,,North Jamieton
1155,,Hutchinsonmouth
1156,,East Joshua
